1.498920267,2.306429626,1.75926108,1.651418427,1.498920267,-1.008413866,-1.223208527,0.913813783,-0.340594818,1.884099519,-0.418312446,1.921535402,-1.583952021,-1.40641185,0.281227575,0.069071748,-1.996060872,1.824561783,-0.063813139,-0.818324882,1.679564439,-0.392487797,1.222788059,-0.161686749,0.072952244,0.26306821,-0.309730227,0.284939208,-0.352852968,1.251238784,0.714609643,-0.110523244,1.790441314,1.431972286,-0.134957327,0.31327557,1.01E+00,-1.625088521,-0.182583075,2.22869027,-1.306677853,1.781914607,1.021504989,-0.403433132,1.443800356,-0.836810975,-0.532653713,0.301318277,-0.123618186,0.965666612,0.484386498,-1.008878401,0.110708004,1.83632778,0.263516835,1.263943592,1.890438406,-0.365462618,1
1.498920267,2.081299038,1.607145432,1.661761672,1.498920267,-0.969752703,-1.223208527,1.086368485,-0.338714362,1.202471071,-0.415349025,1.229484857,-1.599490013,-1.412110149,0.280586611,0.089137756,-1.532020555,1.427890781,-0.149729145,-0.799717848,1.680899722,-0.383426613,1.23309686,-0.179289322,0.070940418,0.375649078,-0.327008471,0.283738871,-0.34810222,0.994014096,0.647535951,-0.120396768,1.457596097,1.35788827,-0.133271048,0.307101254,9.70E-01,-1.714903388,-0.181645569,2.013177907,-1.407998948,1.918131099,1.091140976,-0.296695881,1.430901625,-0.816196913,-0.531735128,4.039381127,-0.123618182,0.90554169,0.484386498,-0.970027456,0.222963224,1.801076573,0.455767491,1.254929067,1.209472645,-0.355450886,1
1.139994739,2.193864288,1.683203256,2.080192937,1.139994739,-1.201719678,0.116709672,1.073292908,-0.40835537,1.892510674,-0.330377656,1.908533929,-1.932991346,-1.735825443,0.439732877,5.404802076,-2.488255049,1.762402,-0.062434895,-0.946921433,2.122601775,-0.384284278,2.095071207,-0.166547191,0.145922436,0.308034359,-0.496179532,0.337405607,-0.439466401,1.253656666,0.821629405,-0.085327919,1.46254367,1.172344531,-0.135861042,0.463139257,1.20E+00,-2.158916901,-0.387807957,1.991319111,-1.064705821,1.739290478,1.364208006,-0.152048277,1.796989881,-0.937807253,-0.455178738,0.941589405,-0.1236183,0.981008293,0.518320411,-1.202993221,0.111320428,1.790602439,0.630009455,2.686829707,1.900377788,-0.411710241,1
1.139994739,1.743603112,1.455029784,2.080192937,1.139994739,-1.201719678,1.518604758,1.073292908,-0.412516702,2.057097198,-0.302504774,1.821862272,-1.938061762,-1.733942985,0.439536839,8.442454919,-2.291602544,2.233338667,-0.063483643,-0.94232314,2.07786456,-0.38272743,2.253267164,-0.166547191,0.311078183,0.262771966,-0.455176569,0.389543367,-0.43317871,1.345958545,0.815948703,-0.076512297,1.304470871,1.360001584,-0.136017635,0.463147461,1.20E+00,-2.158915004,-0.374520792,1.388883501,-0.897377507,0.99543813,1.217805674,-0.157632317,2.178228883,-0.938149864,-0.384151309,6.958777528,-0.1236183,0.858149616,0.518320411,-1.203697566,0.112214426,1.776836265,0.60609684,2.258564437,2.061505841,-0.410524666,1
0.785593482,1.32148327,0.846567191,1.097584685,0.785593482,-1.124397353,-0.6732724,-0.061889262,-0.432432875,1.377393748,-0.025923282,1.350956068,-1.1426145,-0.986709884,0.555240831,0.326205424,-1.208289825,1.290623186,-0.294266107,-0.891686666,1.125555328,-0.390662156,0.86872516,-0.343548149,0.158749489,0.238377939,-0.594389717,0.371668003,-0.493395033,1.02790117,0.799073421,-0.347613211,1.17588784,0.813386859,-0.135174066,0.562779598,1.12E+00,-1.07686505,-0.570666164,1.557900667,-0.490333241,1.034566161,0.860401466,-0.129031821,0.635236439,-0.887711884,-0.576333299,0.246863037,-0.123618379,0.329669663,0.560737801,-1.122686797,0.558867267,1.46126196,0.183252605,1.147081615,1.387709119,-0.410002525,1
0.785593482,1.32148327,1.188827399,1.097584685,0.785593482,-1.124397353,-0.6732724,-0.061889262,-0.430212664,1.377393748,-0.025923282,1.350956068,-1.142006026,-0.986709884,0.549567719,0.419919166,-1.208289825,1.290623186,-0.284667551,-0.889931243,1.040022124,-0.386001692,0.86872516,-0.343548149,0.158749489,0.38746825,-0.594389717,0.371668003,-0.501096971,1.02790117,0.799073421,-0.354986124,1.44578695,0.813386859,-0.135174066,0.562779598,1.12E+00,-1.039855609,-0.576650314,1.557900667,-0.698345463,1.113940289,0.839516483,-0.129031821,0.635236439,-0.887711884,-0.577569616,0.566327006,-0.123618379,0.329669663,0.560737801,-1.122686797,0.558867267,1.46126196,0.410368989,1.147081615,1.387709119,-0.410002525,1
1.020855593,0.561667502,0.922625015,1.013898432,1.020855593,-0.776446891,1.868316189,0.957184558,-0.388321824,0.871014144,-0.323993649,0.722218147,-1.078247623,-0.918197784,0.412943849,0.007316689,-0.996768639,0.974419226,-0.498970206,-0.677459185,1.051509488,-0.406523453,1.13304479,-0.351987505,0.087705355,0.430374921,-0.422333361,0.301188686,-0.445932757,0.900988689,0.364678346,-0.581839845,0.7850573,1.18922344,-0.132909435,0.423503521,7.76E-01,-0.924825217,-0.43970131,0.858860643,-0.255192161,0.354269243,0.807523955,-0.13107856,0.974545769,-0.705882218,-0.52576335,0.691051906,-0.123618276,0.759868156,0.53143124,-0.776995648,0.58882677,1.428386886,0.499294439,1.986486549,0.877911617,-0.308692326,1
1.498920267,1.419977853,1.188827399,1.661761672,1.498920267,-0.969752703,1.51138132,1.086368485,-0.338417521,1.463000555,-0.362215205,1.372608076,-1.596740589,-1.409778059,0.281192629,-0.052665822,-1.386116405,1.657336598,-0.140176339,-0.800002898,1.622454396,-0.383021588,1.997509931,-0.179289322,0.089866942,0.426389217,-0.31607816,0.286772828,-0.334906893,0.971429242,0.702390679,-0.136338213,1.44578695,1.231204484,-0.133747648,0.307111618,9.70E-01,-1.654856737,-0.18297079,1.079102638,-1.034066284,0.756241016,1.055722328,-0.294515658,1.42716241,-0.816638033,-0.388187253,2.061545114,-0.123618182,0.76639083,0.484386498,-0.96828416,0.199885395,1.346390498,0.570331264,1.955159414,1.489092789,-0.355558586,1
1.498920267,1.954663033,1.75926108,1.661761672,1.498920267,-0.969752703,-0.856291538,1.086368485,-0.339201961,1.544022222,-0.345545249,1.459744377,-1.591599246,-1.411461273,0.279805503,0.005536363,-1.488055628,1.686154441,-0.155547916,-0.798262506,1.697705889,-0.382578673,1.868563134,-0.179289322,0.068816162,0.310290101,-0.312134172,0.289266519,-0.352852968,1.06768298,0.669254404,-0.135512095,1.790441314,1.226470841,-0.134274984,0.307102753,9.70E-01,-1.623979776,-0.182583075,2.007113297,-1.5274134,1.636474341,0.957793404,-0.326912225,2.038930131,-0.816478903,-0.55310427,1.777715596,-0.123618182,0.869824517,0.484386498,-0.967844459,0.185789787,1.33548717,0.352728702,1.7695539,1.608378918,-0.356050726,1
1.081179211,1.152635351,1.036711751,1.081599671,1.081179211,-0.853769216,0.038875652,0.814083116,-0.380181834,1.242488108,-0.376108188,1.30269181,-1.134573699,-0.969945425,0.408246584,0.098809069,-1.450949227,1.17644346,-0.411348122,-0.725076342,1.064724822,-0.369865648,1.163026626,-0.328936063,0.116645147,0.342422355,-0.40445164,0.314062757,-0.435240883,1.012392447,0.492831882,-0.47306998,1.013187618,1.347794331,-0.133308213,0.419058041,8.54E-01,-1.018590551,-0.406672489,1.196571597,-0.461694014,0.741527836,1.123588121,-0.14760821,0.726532352,-0.748880112,-0.518388249,0.618060276,-0.123618269,0.535362965,0.524683019,-0.853967842,0.481775043,1.305885023,0.366641134,1.205964805,1.24370967,-0.331692912,1
-0.923073001,-1.000176036,-1.176570929,-0.831900609,-0.923073001,0.95402674,0.088828368,-0.624946771,-0.282501542,-0.626854762,-0.602223695,-0.915249734,0.456022878,0.441871551,-0.572538606,-0.131503595,0.938701093,-0.58475739,0.800895945,0.492489673,-0.772108536,-0.286347168,-1.197614059,-0.130294082,-0.021871541,0.002302844,0.141024253,0.215042341,3.737304301,0.005334205,-0.818694349,0.838157659,-1.261555054,-0.632130163,-0.104676195,-0.080120173,-9.54E-01,0.857186975,-0.120443891,-0.989931705,1.382016994,-0.57424779,-0.889056003,-0.087787904,-1.033899865,0.574031567,0.153871414,-0.659429579,-0.123617835,-0.48257083,-0.805937661,0.954282116,-0.403915461,-0.912377996,-0.144072552,-0.788052046,-0.632714692,0.193341544,0
-0.710432247,-0.775045448,-0.67458929,-0.710602557,-0.710432247,0.112759845,-0.331857354,-0.795139171,-0.354096749,-0.862082764,-0.381955316,-0.937368596,0.375212192,0.357876279,0.493656362,-0.146256902,1.110841347,-0.677410748,-0.09522175,-0.048095653,-0.764311006,-0.325352734,-0.790874685,-0.408889488,0.114573384,0.28465261,-0.448568541,0.32112493,-0.372202525,-0.691908273,-0.185279944,-0.088680916,-0.599508988,-0.594258276,-0.068714689,0.445302525,-1.13E-01,0.791006326,-0.512569379,-0.93950055,0.205645835,-0.42593436,-0.16222474,-0.090037211,-0.739172785,0.009319316,-0.234350583,-0.377094981,-0.123618276,-0.367570837,1.021159292,0.113158641,-0.228777664,-0.914153111,0.304648213,-0.557853924,-0.869926537,-0.055952137,0
-1.156827021,-0.943470066,-1.123330452,-1.245560723,-1.156827021,0.692677282,-1.08964528,-1.419969924,0.416516704,-0.740682326,-0.704429906,-0.86295947,0.836683466,0.71984533,-0.185188879,-0.215630969,0.737536764,-0.991743492,0.709929537,0.649303626,-1.247677869,0.142327394,-1.444721927,0.002071407,-0.123139868,-0.382557253,0.210563852,-0.389380467,0.109140596,-0.294348491,-0.367025399,0.680909445,-1.040073758,-1.030841563,-0.092199364,-0.231806399,-6.93E-01,1.24653631,0.620151076,-1.182589245,1.062447194,-0.868409266,-0.703687909,-0.079204008,-1.343040628,0.693546227,0.245142129,-0.612887527,-0.123617727,-0.633692,-1.126895914,0.693945827,-1.017586905,-0.919056906,-0.774982031,-0.855364017,-0.764422246,0.113135488,0
-0.524937122,-0.774609682,-0.67458929,-0.710468189,-0.524937122,0.112759845,-0.331857354,-0.795139171,-0.326478046,-0.863597981,-0.016722785,-0.938784621,0.375074129,0.357783207,0.431873394,-0.101863969,1.120852244,-0.677939356,-0.178149772,-0.048094465,-0.764215845,-0.325350241,-0.742835765,-0.431984777,0.125786597,0.289242256,-0.481269106,0.262567496,-0.47389049,-0.700251496,-0.004068353,-0.149217188,-0.599508988,-0.579038837,-0.067152172,0.476496627,-1.13E-01,0.79087078,-0.688200844,-0.939083401,0.234371266,-0.302389185,-0.160185221,-0.090229239,-0.809139422,0.010239153,-0.265960945,-0.382448189,-0.1236183,-0.37308867,0.909203089,0.114034831,-0.029572305,-0.920673121,0.304659073,-0.492463424,-0.87163598,-0.05553102,0
-1.333273604,-0.943893367,-1.123330452,-1.245630399,-1.333273604,0.692677282,-1.08964528,-1.419969924,0.389900054,-0.74013304,-0.768722211,-0.862896993,0.83679243,0.719904671,-0.124021696,-0.192013712,0.737138495,-0.991917114,0.79543233,0.649304834,-1.247713524,0.142323736,-1.594449954,0.360702686,-0.286045985,-0.379761127,0.630280353,-0.374728704,0.566618042,-0.293273605,-0.376979058,0.730974042,-1.040073758,-1.260391375,-0.092226781,-0.657164074,-6.93E-01,1.246606502,1.471022199,-1.18299446,1.010720465,-0.911193644,-0.681578785,-0.059686213,-1.340887014,0.707227022,0.450234421,-0.614911931,-0.123617392,-0.630050075,-1.548177722,0.692975729,-1.349600999,-0.926148538,-0.775143102,-0.987199417,-0.763870581,0.113291493,0
-1.289538981,-0.676550777,-1.153753582,-1.177929161,-1.289538981,0.276683174,-1.223208527,-1.393816922,0.106443016,-1.465041438,-0.793365019,-1.350265468,1.339918807,0.667259521,0.104549471,-0.227857098,1.398219568,-1.386061673,0.344238034,0.275605869,-1.193302545,-0.003830053,-1.523461206,0.008751964,-0.093368823,-0.061842273,0.148993463,-0.156599718,0.41859145,-1.264876515,-0.116470347,0.263871566,-1.158986085,-1.353675246,-0.038759106,-0.171218596,-2.77E-01,1.102315835,1.112357738,-0.626848648,1.097009864,-0.469757861,-0.288712403,-0.059796277,-1.776319238,0.399185774,0.099681819,-0.473128654,-0.123617792,-0.472445601,-1.420604208,0.276620554,-1.678576906,-0.92665327,-0.222117254,-1.066242075,-1.475529258,-0.011787292,0
-1.156827021,-0.916063407,-1.062484193,-1.245560723,-1.156827021,0.692677282,-1.136005484,-1.419969924,0.414540679,-0.798639234,-0.683951817,-0.885817362,1.339918807,0.718605017,-0.062614315,-0.187815824,0.807441842,-0.982301146,0.697187964,0.643336133,-1.255695307,0.138291928,-1.143765661,0.002071407,-0.108458074,-0.192123484,0.203380846,-0.402655573,0.124934088,-0.400293345,-0.415957491,0.668856971,-0.659957602,-1.047428457,-0.089223241,-0.231806399,-6.93E-01,1.284225283,0.551061633,-1.107612159,1.046282722,-0.598965243,-0.658534556,-0.079564647,-1.527874778,0.659425862,0.227539556,-0.59567349,-0.123617729,-0.506422067,-1.126895914,0.694020169,-1.092833409,-0.926993823,-0.459767275,-0.831456047,-0.819106653,0.113387262,0
-1.156827021,-0.916063407,-1.229811406,-1.245560723,-1.156827021,0.692677282,-1.136005484,-1.419969924,0.416697516,-0.798639234,-0.683951817,-0.885817362,1.339918807,0.718605017,-0.450104868,-0.204588563,0.807441842,-0.982301146,0.694115305,0.640603114,-1.258785634,0.140448365,-1.143765661,0.002071407,-0.108458074,-0.15578772,0.203380846,-0.402655573,0.082231171,-0.400293345,-0.415957491,0.611479561,-1.504700717,-1.047428457,-0.089223241,-0.231806399,-6.93E-01,1.191083423,0.634213669,-1.107612159,1.120848383,-0.53642308,-0.667977707,-0.079564647,-1.527874778,0.659425862,0.390914711,-0.597738241,-0.123617729,-0.506422067,-1.126895914,0.694020169,-1.092833409,-0.926993823,-0.391504187,-0.831456047,-0.819106653,0.112467917,0
-1.156827021,-0.916063407,-1.206994058,-1.245560723,-1.156827021,0.692677282,-1.136005484,-1.419969924,0.420019408,-0.798639234,-0.683951817,-0.885817362,0.752221025,0.718605017,-0.381903361,-0.202302505,0.807441842,-0.982301146,0.692973203,0.642429309,-1.255148383,0.140011032,-1.143765661,0.002071407,-0.108458074,-0.141659449,0.203380846,-0.402655573,0.087920444,-0.400293345,-0.415957491,0.657059844,-1.515768132,-1.047428457,-0.089223241,-0.231806399,-6.93E-01,1.200727671,0.634626808,-1.107612159,1.007515952,-0.525408677,-0.653456454,-0.079564647,-1.527874778,0.659425862,0.363404152,-0.587514441,-0.123617729,-0.506422067,-1.126895914,0.694020169,-1.092833409,-0.926993823,-0.351933742,-0.831456047,-0.819106653,0.112467917,0
-1.289538981,-1.098670618,-1.176570929,-1.177929161,-1.289538981,0.276683174,-0.890928831,-1.393816922,0.117995225,-0.823302824,-0.8556821,-0.787645799,0.719854589,0.681137257,0.052729595,-0.194917451,0.8681385,-1.123570422,0.326142255,0.280331526,-1.150735628,-0.002159319,-1.28315396,0.008751964,-0.046368579,-0.04606995,0.162065307,-0.123006101,0.410043547,-0.451303921,-0.169693727,0.272297006,-1.261555054,-1.242353799,-0.100368405,-0.17121615,-2.77E-01,1.10347011,1.273789956,-1.007158449,1.299204362,-0.620173973,-0.209875406,-0.058200336,-1.109604111,0.300824816,0.184922845,-0.482571775,-0.123617761,-0.561269903,-1.420604208,0.275360194,-1.024665682,-0.940080893,-0.142102345,-0.771594599,-0.842617523,-0.010573971,0
-1.156827021,-1.154766569,-1.24502297,-1.245560723,-1.156827021,0.692677282,-0.939959486,-1.419969924,0.41474348,-1.371260055,-0.814618325,-1.444002318,1.339918807,0.725395825,-0.482655883,-0.195858482,1.284205665,-1.540011441,0.668944599,0.642223995,-1.228396245,0.14357328,-0.838443711,0.002071407,-0.109172908,-0.115356967,0.244648214,-0.480296275,0.078459847,-3.287221143,-0.421326465,0.66079398,-1.115402817,-1.338657804,-0.009411635,-0.231806399,-6.93E-01,1.185569199,0.602764308,-1.18621672,1.495772299,-0.629286106,-0.654055863,-0.07915366,-0.934990527,0.685775611,0.300328304,-0.596126083,-0.12361769,-0.631981124,-1.126895914,0.692823598,-1.725392855,-1.570932634,-0.31748815,-0.890867434,-1.377993965,0.112444379,0
-1.156827021,-1.154766569,-1.229811406,-1.245560723,-1.156827021,0.692677282,-0.939959486,-1.419969924,0.415917484,-1.371260055,-0.814618325,-1.444002318,1.339918807,0.725395825,-0.444372884,-0.194100877,1.284205665,-1.540011441,0.668339987,0.641133159,-1.225481447,0.142908449,-0.838443711,0.002071407,-0.109172908,-0.105236623,0.244648214,-0.480296275,0.082231171,-3.287221143,-0.421326465,0.611479561,-1.504700717,-1.338657804,-0.009411635,-0.231806399,-6.93E-01,1.191083423,0.634213669,-1.18621672,1.453118393,-0.624264371,-0.660715282,-0.07915366,-0.934990527,0.685775611,0.28193028,-0.587827728,-0.12361769,-0.631981124,-1.126895914,0.692823598,-1.725392855,-1.570932634,-0.29883847,-0.890867434,-1.377993965,0.112444379,0
-1.156827021,-1.154766569,-1.30586923,-1.245560723,-1.156827021,0.692677282,-0.939959486,-1.419969924,0.414271795,-1.371260055,-0.814618325,-1.444002318,1.339918807,0.725395825,-0.69451218,-0.202856329,1.284205665,-1.540011441,0.671134965,0.643595141,-1.243297729,0.146303017,-0.838443711,0.002071407,-0.109172908,-0.144737491,0.244648214,-0.480296275,0.063561829,-3.287221143,-0.421326465,0.655547221,-1.306091433,-1.338657804,-0.009411635,-0.231806399,-6.93E-01,1.171916529,0.659437354,-1.18621672,1.555411035,-0.641842192,-0.665166527,-0.07915366,-0.934990527,0.685775611,0.384237372,-0.637973493,-0.12361769,-0.631981124,-1.126895914,0.692823598,-1.725392855,-1.570932634,-0.367549452,-0.890867434,-1.377993965,0.112444379,0
-1.333273604,-1.154953288,-1.24502297,-1.245630399,-1.333273604,0.692677282,-0.939959486,-1.419969924,0.390211446,-1.372329211,-0.877856632,-1.444171103,1.339918807,0.725441337,-0.427835292,-0.195440422,1.254210477,-1.540500151,0.759732195,0.642223847,-1.228439392,0.143574577,-0.863651822,0.360702686,-0.228712116,-0.121250281,0.666265451,-0.37303389,0.514678396,-3.287221143,-0.413991389,0.711619859,-1.115402817,-1.473925752,-0.008139307,-0.657164074,-6.93E-01,1.185639485,1.49724695,-1.186395462,1.443195655,-0.674140981,-0.656875775,-0.056408853,-1.119690152,0.703884627,0.542902902,-0.596120434,-0.123617357,-0.634010774,-1.548177722,0.690470165,-1.850107737,-1.573556037,-0.317468054,-0.777203333,-1.379010194,0.112725963,0
-1.333273604,-1.154953288,-1.229811406,-1.245630399,-1.333273604,0.692677282,-0.939959486,-1.419969924,0.390383658,-1.372329211,-0.877856632,-1.444171103,1.339918807,0.725441337,-0.383826165,-0.193673381,1.254210477,-1.540500151,0.75916074,0.641133011,-1.225524594,0.142909977,-0.863651822,0.360702686,-0.228712116,-0.111505005,0.666265451,-0.37303389,0.521050038,-3.287221143,-0.413991389,0.705302742,-1.504700717,-1.473925752,-0.008139307,-0.657164074,-6.93E-01,1.191153709,1.401522797,-1.186395462,1.40054175,-0.669119246,-0.663599443,-0.056408853,-1.119690152,0.703884627,0.519006334,-0.587553064,-0.123617357,-0.634010774,-1.548177722,0.690470165,-1.850107737,-1.573556037,-0.298818831,-0.777203333,-1.379010194,0.112725963,0
1.802046448,3.094386729,1.987434552,2.280475767,1.802046448,-1.201719678,-1.223208527,0.456342917,-0.306938401,1.967930372,-0.382797321,1.902560358,1.339918807,-1.893503042,0.202156958,-0.989716098,-1.927618272,2.246561614,0.202711428,-0.940835991,2.260843878,-0.400406161,1.668838827,0.167397067,0.048010797,-3.88E+00,-0.249765016,0.244740163,-0.278229414,1.155446586,0.934191453,0.256057976,2.101434272,1.659570614,-0.135230321,0.243914601,1.20E+00,-2.203877927,0.018580339,2.982983583,-1.167340058,2.650203646,0.779556242,0.039430796,2.131438927,-0.93913425,-0.535753036,0.515194138,-0.123618129,1.238056076,0.460928396,-1.200296081,-0.14741959,2.376304284,0.451286214,-0.521253978,1.981146065,-0.45427308,0
1.449153282,1.32148327,1.455029784,1.943850165,1.449153282,-1.047075028,2.000208902,1.194869014,-0.346787464,1.860588877,-0.453413001,1.929439218,-1.828395757,-1.625275426,0.311506567,-0.20172856,-1.978676235,2.110453167,0.108273852,-0.846624416,1.950509745,-0.315644841,1.410300466,-0.159084991,-0.176743962,0.413843088,-0.295655254,0.281756029,-0.356411185,1.261726883,0.72411972,-0.015884467,1.304470871,1.452032724,-0.135237114,0.335640459,1.05E+00,-2.044561773,-0.196845882,1.294295433,-1.521327212,0.979281034,0.879505462,-0.274013132,1.671178758,-0.859812722,-0.463975394,1.847431683,-0.123618204,0.842776676,0.488692506,-1.045273475,-0.078312814,2.315103452,0.724873945,1.891984991,1.798783499,-0.374688402,0
1.449153282,1.32148327,1.37897196,1.943850165,1.449153282,-1.047075028,2.000208902,1.194869014,-0.346127735,1.860588877,-0.453413001,1.929439218,-1.826911777,-1.625275426,0.31397503,-0.202296449,-1.978676235,2.110453167,0.106461649,-0.845980698,1.929822001,-0.284510375,1.410300466,-0.159084991,-0.176743962,0.386652488,-0.295655254,0.281756029,-0.354043345,1.261726883,0.72411972,-0.004625211,0.947710109,1.452032724,-0.135237114,0.335640459,1.05E+00,-2.02334566,-0.196159437,1.294295433,-1.334884924,0.966632188,0.868738787,-0.274013132,1.671178758,-0.859812722,-0.463734389,2.625544391,-0.123618204,0.842776676,0.488692506,-1.045273475,-0.078312814,2.315103452,0.672716582,1.891984991,1.798783499,-0.374688402,0
2.070486548,1.940417758,1.683203256,2.280240693,2.070486548,-1.201719678,0.62727916,0.456342917,-0.262802646,2.147775409,-0.433561106,2.125462183,1.339918807,-1.886724892,0.109420068,-1.038951084,-2.622798247,2.313251412,0.337991333,-0.942611659,2.335498139,-0.390826506,2.127933978,0.334427535,0.008738507,-7.19E+00,-0.12055314,0.236568245,-0.192289739,1.310384462,0.816859215,0.392421419,1.46254367,2.030467365,-0.13585658,0.154166999,1.20E+00,-2.360718116,0.172251911,2.125165114,-1.356890614,1.835558525,1.117937369,-0.034411083,2.295835144,-0.939100137,-0.565102812,0.501104651,-0.123618062,1.246828119,0.443125946,-1.20023048,-0.283051108,2.304329537,0.764771964,-0.574347302,2.221646369,-0.447054575,0
2.070486548,1.940417758,2.215608024,2.280240693,2.070486548,-1.201719678,0.62727916,0.456342917,-0.262112435,2.147775409,-0.433561106,2.125462183,1.339918807,-1.886724892,0.096328362,0.250569915,-2.622798247,2.313251412,0.306448545,-0.928277726,2.243008819,-0.391201753,2.127933978,0.334427535,0.008738507,-4.02E+00,-0.12055314,0.236568245,-0.21029178,1.310384462,0.816859215,0.315956452,2.122395072,2.030467365,-0.13585658,0.154166999,1.20E+00,-2.248999446,0.16765972,2.125165114,-1.68867504,1.370469887,1.007742753,-0.034411083,2.295835144,-0.939100137,-0.565983765,-0.749788052,-0.123618062,1.246828119,0.443125946,-1.20023048,-0.283051108,2.304329537,0.134211727,-0.603082816,2.221646369,-0.44613523,0
1.139994739,1.9687337,1.302914136,2.080192937,1.139994739,-1.201719678,0.856530829,1.073292908,-0.408820069,1.981919786,-0.219784885,1.971728138,-1.933094097,-1.734745446,0.441719972,7.471370773,-1.748936902,2.071352651,-0.072820477,-0.938806279,2.038109458,-0.395243754,1.977004132,-0.166547191,0.132293226,0.189672503,-0.419635589,0.348497228,-0.428933819,1.183662962,0.890941694,-0.097452368,1.080701552,1.144503875,-0.13556847,0.463143031,1.20E+00,-2.072603842,-0.380422314,1.604566989,-0.837867034,1.223080688,1.326473744,-0.141575713,2.0629514,-0.937614029,-0.399791141,-0.257834783,-0.1236183,1.103344724,0.518320411,-1.200958411,0.122332798,2.159287037,0.412272667,3.048235725,2.031768068,-0.410718591,1
1.139994739,3.699425157,1.455029784,2.080192937,1.139994739,-1.201719678,-1.223208527,1.073292908,-0.408454214,1.919067616,-0.302513022,1.977722299,-1.93813875,-1.748297574,0.437184019,4.593485763,-1.418219264,1.971894339,-0.083105852,-0.94254148,2.04121747,-0.386018453,1.464620445,-0.166547191,0.124110887,0.132991772,-0.447403418,0.36145436,-0.43317871,1.211157035,0.833700472,-0.076512297,1.304470871,1.266066929,-0.134870223,0.463122615,1.20E+00,-2.158915004,-0.374520792,3.562173033,-1.034248354,2.54226485,0.788223606,-0.147430232,1.689375589,-0.937921866,-0.533648733,4.54385784,-0.123618296,1.296791168,0.518320411,-1.201050567,0.113582877,2.113489526,0.168685687,2.918899425,1.936637045,-0.411764671,1
1.139994739,1.813956448,1.150798487,2.080192937,1.139994739,-1.201719678,1.201869227,1.073292908,-0.400975431,2.113750778,-0.253589717,1.793296977,-1.936100551,-1.734161765,0.446989221,8.800448872,-2.15545634,2.22758592,-0.065257218,-0.947386938,2.050005107,-0.389663666,2.383196202,-0.166547191,0.081154605,0.226391704,-0.454767383,0.330794467,-0.424648028,1.356040195,0.86162823,-0.099074022,1.386842057,1.350812442,-0.136012999,0.463145993,1.20E+00,-2.001838535,-0.384181873,2.058277531,-0.1621834,1.237477848,1.234858599,-0.158665055,1.841330175,-0.938147034,-0.554628291,2.621670876,-0.1236183,0.939614874,0.518320411,-1.200413724,0.115311743,2.043593134,0.51430778,2.572561417,2.125696192,-0.413103206,1
1.139994739,3.094386729,1.302914136,2.080192937,1.139994739,-1.201719678,-0.473839524,1.073292908,-0.40981538,1.966273332,-0.209224649,1.982339317,-1.933918379,-1.742365202,0.44159624,8.561432054,-1.644585634,2.052535185,-0.084638584,-0.938777052,2.015811569,-0.396475305,2.350642413,-0.166547191,0.122433365,0.120314363,-0.434381361,0.340063935,-0.428933819,1.110448272,0.759759718,-0.097452368,1.080701552,1.16500154,-0.13553696,0.463128076,1.20E+00,-2.072603842,-0.380422314,2.696771326,-0.819545379,1.904063399,0.68372417,-0.147946601,1.941270177,-0.937894301,-0.436395224,0.833099396,-0.123618298,1.218272314,0.518320411,-1.201105141,0.119342479,2.035038818,0.174292283,2.962688561,2.007067934,-0.411195986,1
1.139994739,1.996875034,1.607145432,2.080192937,1.139994739,-1.201719678,0.505859026,1.073292908,-0.402481848,1.952547151,-0.231863487,1.987530557,-1.940120421,-1.734865958,0.438895781,6.111396088,-1.673717345,2.034307449,-0.063878757,-0.943414293,2.114872521,-0.391425068,2.163050722,-0.166547191,0.126920943,0.283492789,-0.44059787,0.31947578,-0.437382702,1.233583961,0.919247399,-0.097017156,1.457596097,1.190815578,-0.135485334,0.463142526,1.20E+00,-2.181417808,-0.389336569,2.228019734,-1.396711156,1.541466487,0.750532444,-0.138027875,2.263169691,-0.937522105,-0.566287067,2.39025409,-0.1236183,0.982944772,0.518320411,-1.201848132,0.117132121,1.916942208,0.602671813,3.03157752,1.985537226,-0.41208379,1
0.860998005,0.575738169,0.922625015,0.854988581,0.860998005,-1.08573619,-0.059029842,-0.425699813,-0.402040169,0.89503164,-0.208645605,0.880116052,-0.950180386,-0.801124983,0.524632515,7.35804649,-1.305683177,0.877398268,-0.281983904,-0.858027892,0.884257945,-0.436759861,0.751400787,-0.335066242,0.125598469,0.393593974,-0.378833888,0.317085605,-0.480311641,0.876918827,0.709565082,-0.363099865,0.7850573,0.949686322,-0.13485114,0.531165625,1.09E+00,-0.781647943,-0.524588527,0.871135005,-0.060861737,0.653782007,1.225811347,-0.125035526,0.924599663,-0.863199015,-0.57317626,0.557226304,-0.123618357,0.362040624,0.550776141,-1.086446971,0.61418535,1.059912061,0.432535548,0.623624273,0.892694256,-0.398498646,1
1.004266598,0.730515421,0.922625015,1.387195538,1.004266598,-0.969752703,1.829807825,0.881689526,-0.407246904,1.390962863,-0.26596852,1.381099546,-1.379008645,-1.20201474,0.450552862,-0.421585191,-1.876885432,1.560977425,-0.31330174,-0.798144508,1.433883833,-0.408584245,1.471744389,-0.327159859,0.183409534,0.448558191,-0.486775108,0.333766507,-0.449665334,1.107709639,0.703794256,-0.401718012,0.7850573,1.256649493,-0.134650662,0.463991864,9.70E-01,-1.300165896,-0.435557215,1.021071743,-0.327942045,0.619351091,0.724876248,-0.132583172,1.441047967,-0.813585176,-0.530986669,1.091719329,-0.123618306,1.376976768,0.533359304,-0.969390416,0.326460076,1.05598442,0.538243841,1.119468526,1.363764452,-0.363562728,0
0.97712097,-0.001034622,0.352191335,0.832597807,0.97712097,-0.931091541,1.307171849,0.383037884,-0.394490084,0.915761443,-0.348279256,0.881337843,-0.924738281,-0.785610642,0.443601817,-0.101581228,-0.884778178,0.766456416,-0.348543336,-0.768300345,0.82543648,-0.406520609,0.506882677,-0.341986881,0.101869612,0.370125743,-0.442449897,0.322509847,-0.440301603,0.819031672,0.639353102,-0.454164232,0.130760744,1.075796339,-0.133624812,0.465269605,9.31E-01,-0.897903085,-0.470877365,0.15514439,-0.086792265,0.921714226,0.997397475,-0.120058014,0.647928304,-0.778833378,-0.501343242,-0.039816119,-0.123617678,0.08935562,0.536508473,-0.931333693,0.567745304,1.055043214,0.421518595,0.673542593,0.91502878,-0.354475364,0
1.081179211,1.279271268,0.922625015,1.081599671,1.081179211,-0.853769216,-0.413849735,0.814083116,-0.395169899,1.463783301,-0.225846653,1.322622035,-1.132578388,-0.970425423,0.406908057,0.146243405,-1.429939916,1.262925321,-0.415494314,-0.725406545,1.094710335,-0.373693333,0.666138286,-0.328936063,0.038120202,0.278647045,-0.401017532,0.325924055,-0.432065825,1.068724812,0.615934604,-0.491811276,0.7850573,1.339476754,-0.133584049,0.419055823,8.54E-01,-0.987665309,-0.406383292,0.944390432,-0.440872633,0.85722485,1.060115105,-0.145210199,1.04631287,-0.748882543,-0.418620184,0.473635819,-0.123618269,0.2511234,0.524683019,-0.852789307,0.449667127,1.051053869,0.27426564,0.837711423,1.453992925,-0.331081065,0
0.891159814,1.110423349,1.302914136,0.826779732,0.891159814,-0.776446891,-0.5748254,0.59612453,-0.397748452,0.925732118,-0.224516583,0.886569644,-0.921924448,-0.778299811,0.445303952,0.116192348,-1.075600014,0.763113605,-0.57033415,-0.6730169,0.763245087,-0.38741845,0.533525305,-0.379554497,0.119872773,0.288807348,-0.421213205,0.352037506,-0.483409206,0.848156438,0.555418834,-0.65448191,1.080701552,0.915525954,-0.132542697,0.462265402,7.76E-01,-0.91600961,-0.493406116,1.076327909,-1.446559587,0.649315147,0.584780523,-0.128799982,0.636522606,-0.700382113,-0.498945971,0.373402734,-0.123618304,0.517406049,0.546984284,-0.777352996,0.594342811,1.04320159,0.256868654,0.842442019,0.924694572,-0.302003136,1
1.020855593,0.829010092,0.846567191,1.013898432,1.020855593,-0.776446891,1.101491211,0.957184558,-0.395588517,1.048418949,-0.209737521,0.907081161,-1.074752723,-0.917853077,0.412194026,-0.096784912,-1.400530871,1.087496735,-0.510077057,-0.677758857,1.055091834,-0.431676696,1.452848263,-0.351987505,0.095581865,0.315218115,-0.431772044,0.324257583,-0.443866279,0.862635572,0.911720811,-0.593209225,1.17588784,0.97281631,-0.132620252,0.423487519,7.76E-01,-0.920058819,-0.449915361,0.996610613,-0.510037001,0.328596507,0.837284155,-0.126191208,1.414311186,-0.704249783,-0.518386104,0.500201183,-0.123618274,0.421988616,0.53143124,-0.775377042,0.607851337,1.02870544,0.319914072,2.344741836,1.141182664,-0.308772903,1
0.785593482,1.279271268,1.112769575,1.097584685,0.785593482,-1.124397353,0.024229409,-0.061889262,-0.428264354,1.482567604,-0.046359452,1.324359017,-1.145284967,-0.986468495,0.55390803,0.3866123,-1.329275917,1.278410998,-0.28690839,-0.889164633,1.055822869,-0.400721918,0.937293495,-0.343548149,0.161625503,0.350459884,-0.566976025,0.368251355,-0.499413652,1.075346748,0.628972765,-0.364228948,1.317167367,0.870966773,-0.135261004,0.562780499,1.12E+00,-1.011188454,-0.565673546,1.357902952,-0.412439917,0.717523297,1.393442303,-0.127455784,0.710105599,-0.887928952,-0.531334137,1.40141616,-0.123618379,0.619923045,0.560737801,-1.122947042,0.535146041,1.027288988,0.352858107,1.343252008,1.471966697,-0.408980014,1
0.707172779,0.688303419,0.998682839,0.763779968,0.707172779,-0.776446891,-0.196398938,-0.338288625,-0.389925846,0.895070238,-0.033785705,0.888805646,-0.878276308,-0.729713502,0.519377696,0.155919672,-0.951730284,0.953749217,-0.639815946,-0.659707236,0.76186841,-0.384104817,0.988274078,-0.415862601,0.14184041,0.375712294,-0.494616678,0.340518268,-0.511020373,0.898179049,0.588496135,-0.747413892,0.834168698,0.71640245,-0.132971119,0.516267674,7.76E-01,-0.699082553,-0.602353875,0.838716736,-0.730829386,0.106379153,0.844545398,-0.121068504,1.195460412,-0.699058856,-0.539612126,0.306766699,-0.123618347,0.380579492,0.571727761,-0.777184062,0.630440634,1.021606254,0.400776256,0.698615929,0.892679724,-0.235872899,1
0.97712097,1.12440658,0.542335895,0.832597807,0.97712097,-0.931091541,-0.445941682,0.383037884,-0.401781787,0.925414955,-0.274853795,0.894756064,-0.933677927,-0.784024671,0.44236492,-0.081807851,-1.271908777,0.828702554,-0.382395852,-0.769629091,0.815721749,-0.407012367,0.619620476,-0.341986881,0.132948777,0.202058631,-0.433240405,0.334915721,-0.445506546,0.868098149,0.625256998,-0.444312694,0.88743324,1.143665976,-0.133336828,0.465241439,9.31E-01,-0.915876341,-0.465357201,0.797129066,-0.394025806,0.633378988,1.142982928,-0.135497552,0.763486124,-0.778600256,-0.419133586,0.425437608,-0.123618306,0.59596873,0.536508473,-0.932183182,0.567491887,1.019208825,0.133184401,0.787269186,0.92382339,-0.355831188,1
0.702648507,0.617950171,0.694451543,0.794809702,0.702648507,-0.699124566,1.200198693,0.936365692,-0.429386478,0.969135351,-0.103831267,0.933085609,-0.898689824,-0.752574966,0.500892717,0.162097342,-1.147151187,0.960999611,-0.713073888,-0.631973158,0.833547278,-0.39249076,0.725233863,-0.418517435,0.077430839,0.369767033,-0.492341912,0.355099845,-0.505391372,0.907997486,0.485447861,-0.812694096,0.493518779,0.725433809,-0.132347113,0.501911148,6.99E-01,-0.732630499,-0.616486384,0.913371291,-0.302669509,0.130564165,0.817527145,-0.119313319,0.985969341,-0.656026097,-0.53078905,0.281367651,-0.123618335,0.255461993,0.572370449,-0.699632412,0.644192722,1.016717567,0.345844749,1.152347269,0.965938724,-0.28946713,0
0.860998005,0.744586088,0.732480455,0.854988581,0.860998005,-1.08573619,-0.36130309,-0.425699813,-0.41385163,0.893732233,-0.104509844,0.712572842,-0.942409192,-0.80132686,0.520303104,5.694452385,-0.696753445,1.050545449,-0.282459092,-0.862396281,0.895791349,-0.426356413,0.947136338,-0.335066242,0.149333692,0.394709902,-0.613764305,0.327859173,-0.475640539,0.895092729,0.83432071,-0.36436891,0.569721681,1.000730223,-0.134887311,0.53115398,1.09E+00,-0.889578916,-0.538028235,0.444919887,-0.503588756,0.792936547,0.837605423,-0.128934636,1.081463075,-0.863166272,-0.42630785,0.335180709,-0.123618357,0.430576439,0.550776141,-1.085621186,0.613263195,0.701066451,0.434898233,0.98938955,0.883637178,-0.399603182,1
0.554855643,0.730515421,0.732480455,0.46758705,0.554855643,-0.389835267,-0.296153688,1.158249016,-0.440078895,0.861130737,0.125806206,0.804009534,-0.630160358,-0.507455985,0.488593733,-0.018569014,-0.786130615,0.670095513,-1.076236992,-0.44351024,0.491455093,-0.383673379,0.839443479,-0.434366479,0.129510511,0.321369953,-0.425524339,0.3606571,-0.530158978,0.806776989,0.253680632,-0.976475923,0.569721681,0.558198276,-0.129550772,0.477356907,3.90E-01,-0.376519224,-0.674935925,0.614141269,-0.697297753,0.963482106,0.349705353,-0.116889548,0.603150382,-0.469330245,-0.441121813,0.071082435,-0.123618316,0.305084809,0.594993057,-0.389879088,0.831945047,0.686165678,0.316887309,0.561729355,0.85301423,-0.196647503,1
0.97712097,1.490418095,1.112769575,0.832597807,0.97712097,-0.931091541,-0.921553411,0.383037884,-0.404054494,0.718515837,-0.201270263,0.99583276,-0.934903514,-0.786715151,0.457247401,-0.051334841,-0.540350404,0.733956898,-0.384897776,-0.771056414,0.775366239,-0.422972408,1.26542526,-0.341986881,0.141092851,0.263276293,-0.466631277,0.345401398,-0.460677942,0.67582083,1.045933695,-0.45496398,1.317167367,1.14168805,-0.130354856,0.465235442,9.31E-01,-0.78550422,-0.465961019,1.394949211,-0.773052082,0.996401389,0.784523883,-0.120327322,0.895182458,-0.780404284,-0.486431103,0.357401965,-0.123618304,0.313212859,0.536508473,-0.93092098,0.564895772,0.68326825,0.218166036,0.538117615,0.717478931,-0.366933862,1
0.97712097,0.420674297,0.998682839,0.832597807,0.97712097,-0.931091541,0.994661032,0.383037884,-0.406413685,0.745688208,-0.254879592,0.960813343,-0.93405362,-0.782706797,0.458953045,0.101214482,-0.731148833,0.60450374,-0.358851457,-0.769375384,0.846447401,-0.382193687,1.561122539,-0.341986881,1.784723687,0.468549915,-0.466197221,0.341296696,-0.457698769,0.47598258,1.355344461,-0.442139714,0.834168698,1.120325033,-0.131522885,0.465269605,9.31E-01,-0.740966431,-0.464556348,0.31775495,-0.354287109,-0.40836837,1.065332676,-0.111182563,1.200928501,-0.780342686,-0.431784068,0.90260967,-0.123618306,0.497749354,0.536508473,-0.93189003,0.565939005,0.679875282,0.549834591,0.578647858,0.747629242,-0.353788503,0
0.740350769,0.378748916,0.846567191,0.567258318,0.740350769,-0.737785728,1.153046772,0.590840944,-0.419348208,0.126349718,-0.08184977,0.230183698,-0.714264382,-0.582089602,0.502344301,0.003964334,-0.553752883,0.47860664,-0.667116516,-0.649526444,0.607246254,-0.38784207,0.093121604,-0.410898669,0.14266406,0.331227081,-0.503384096,0.349954815,-0.5018719,0.215781754,0.799342049,-0.772784102,1.17588784,0.722288402,-0.122187431,0.498915044,7.38E-01,-0.468474559,-0.59260381,0.67985442,-0.46501334,0.007499514,0.435943587,-0.104719174,0.750416086,-0.667488169,-0.530365245,0.036941168,-0.123618332,0.276624662,0.566971872,-0.737101232,0.821232553,0.675827692,0.334012341,0.340214408,0.132905127,-0.301654535,1
0.707172779,0.78679809,0.846567191,0.763779968,0.707172779,-0.776446891,1.585506454,-0.338288625,-0.394967429,0.699234841,0.016303874,0.809790196,-0.873147393,-0.729908062,0.514399993,0.123016585,-1.276053984,0.954763802,-0.646448929,-0.659511574,0.795551106,-0.383317305,0.754012944,-0.415862601,0.145785027,0.276870679,-0.507824486,0.315757498,-0.507836705,0.77423291,0.821275762,-0.761700736,1.17588784,0.623981909,-0.132524723,0.516265264,7.76E-01,-0.667748018,-0.604943934,0.501880364,-0.564627028,-0.260803611,0.681108583,-0.119919847,1.068262557,-0.696453641,-0.371391537,0.657537043,-0.123618347,0.721584226,0.571727761,-0.775109587,0.617886644,0.672303036,0.246627017,0.909380807,0.612382872,-0.310081202,0
0.554855643,1.180776597,0.998682839,0.46758705,0.554855643,-0.389835267,-1.223208527,1.158249016,-0.437288185,0.715388151,0.133100297,0.770598434,-0.639152137,-0.510954486,0.520152019,-0.005379613,-0.450789261,0.659747437,-1.063343329,-0.44084542,0.437372885,-0.388150321,-0.000277072,-0.434366479,0.131331807,0.209406547,-0.440524368,0.357884741,-0.534647111,0.778647534,0.33575764,-0.974740292,0.834168698,0.5437416,-0.129560895,0.477352482,3.90E-01,-0.51698188,-0.669002623,1.151128369,-1.355072753,0.615131703,0.310631035,-0.120857741,0.165435852,-0.47421545,-0.5138935,4.117795725,-0.123618316,0.374333624,0.594993057,-0.39018656,0.839847429,0.671511537,0.13353476,0.401858472,0.713992769,-0.196457532,0
0.891159814,0.294324912,0.694451543,0.826779732,0.891159814,-0.776446891,1.70180272,0.59612453,-0.408433108,0.729453067,-0.130005059,0.935704956,-0.924117531,-0.777887861,0.432418213,0.339499678,-0.302003513,0.867929779,-0.544358378,-0.677211023,0.883709076,-0.386927287,1.239836285,-0.379554497,0.111394659,0.47475025,-0.455902218,0.336288331,-0.468369117,0.528901752,0.550846716,-0.634035539,0.493518779,0.757334639,-0.130271428,0.462288217,7.76E-01,-0.786216571,-0.523590639,0.354687041,-0.602817084,0.47227402,0.865647104,-0.112160267,0.913048245,-0.695509782,-0.463197102,0.240192071,-0.123618304,0.26392398,0.546984284,-0.776028691,0.576842969,0.661562794,0.568456664,0.5210531,0.686767537,-0.310398196,0
0.838376648,0.660162173,0.846567191,0.508960029,0.838376648,-0.544479916,0.331381348,0.907653427,-0.401696196,0.905972079,-0.205103203,0.761391969,-0.667655405,-0.538293326,0.431462892,0.025845661,-0.709361958,0.716878564,-0.810710952,-0.533107401,0.533925901,-0.394691651,0.558326969,-0.396151533,0.119792549,0.247080474,-0.430273282,0.333370909,-0.483038962,0.845919744,0.375873344,-0.924474569,1.17588784,0.959403142,-0.130911494,0.433284915,5.44E-01,-0.428891548,-0.544736966,0.493495327,-0.620774788,0.049834874,0.638733333,-0.125089387,0.783592826,-0.563033324,-0.423131215,-0.034358494,-0.123618282,0.424117298,0.553732505,-0.54413266,0.705602666,0.660135694,0.186025785,0.338264606,0.902452441,-0.241267126,0
0.838376648,0.660162173,1.340943048,0.508960029,0.838376648,-0.544479916,0.331381348,0.907653427,-0.396773185,0.905972079,-0.205103203,0.761391969,-0.668893874,-0.538293326,0.440154205,0.077232079,-0.709361958,0.716878564,-0.8051917,-0.533542157,0.452009891,-0.388339001,0.558326969,-0.396151533,0.119792549,0.354398418,-0.430273282,0.333370909,-0.494619852,0.845919744,0.375873344,-0.898715993,0.921823461,0.959403142,-0.130911494,0.433284915,5.44E-01,-0.573483564,-0.542070635,0.493495327,-1.775645924,0.058058213,0.591045122,-0.125089387,0.783592826,-0.563033324,-0.426796586,0.800054673,-0.123618282,0.424117298,0.553732505,-0.54413266,0.705602666,0.660135694,0.344283818,0.338264606,0.902452441,-0.24034778,0
0.316577351,0.026982322,0.390220247,0.209946226,0.316577351,-0.273851779,1.46029064,0.816536039,-0.442698245,0.414506904,0.72053088,0.374037376,-0.427784849,-0.314512253,0.517381751,-0.03333822,-0.47895642,0.27844934,-0.874583561,-0.363858954,0.1684975,-0.363470155,0.260767546,-0.454655995,0.136606868,0.252814777,-0.480338685,0.400465119,-0.553086126,0.599891991,0.213177174,-0.769920889,0.118205607,0.53533834,-0.127356385,0.507223461,2.74E-01,-0.188870274,-0.76230515,-0.236977093,-0.465979771,-0.45387292,0.228020518,-0.110010488,-0.044399244,-0.393877797,-0.336527813,-0.21386944,-0.123618339,0.104303918,0.637860329,-0.273918873,0.897122455,0.073342388,0.188180712,0.352908229,0.407966099,-0.162707906,1
-0.147914508,-0.268501602,-0.218242346,-0.051455778,-0.147914508,0.074098683,1.433010929,0.638577386,-0.482156121,-0.179449788,3.835522998,-0.164759234,-0.204694998,-0.121084572,0.487801006,-0.081304563,0.555851265,0.028452117,-0.387745849,-0.148811785,-0.004637313,-0.38417466,-0.318090102,-0.448651469,0.120147495,0.257126475,-0.512650966,0.395399236,-0.552556591,0.103631207,-0.224681322,-0.295583714,-0.326179825,-0.333480957,-0.119325288,0.488745323,-7.41E-02,0.016647023,-0.82501955,-0.448045202,-0.558250967,-0.472064319,-0.135018658,-0.098643354,-0.124836211,-0.163518066,-0.278781065,-0.375883288,-0.123618322,-0.093835434,0.755215109,0.076204693,0.882424277,0.041192467,0.215240716,-0.148211565,-0.16830098,-0.063197419,0
0.171800668,0.266183578,0.047960039,0.146006168,0.171800668,-0.312512942,0.675549941,0.659049643,-0.467327257,0.017289676,1.87924352,0.169841776,-0.381096763,-0.26729072,0.538587591,-0.093841868,-0.3945108,0.265951123,-0.837730558,-0.38756011,0.13008119,-0.383565197,-0.206515136,-0.471263991,0.140080695,0.133724862,-0.54542958,0.866989528,-0.559890438,0.238065443,0.25236461,-0.764622644,0.201105679,0.222722714,-0.125825236,0.546861811,3.13E-01,-0.213085471,-0.800037393,0.371405488,-0.761903543,-0.396873764,0.255850692,-0.105758936,-0.151034424,-0.409335491,-0.453953243,0.084661168,-0.123618369,0.203154891,0.668773609,-0.312087099,0.908181285,0.039249988,0.035791638,0.407559728,-0.080016789,-0.17651172,0
-0.426911242,-0.01522968,-0.218242346,-0.273365392,-0.426911242,0.228743333,-0.710488216,0.335126212,-0.48222681,-0.343855802,0.083364903,-0.296637492,-0.027994528,0.04136089,0.541539467,-0.064390383,-0.008700819,-0.392402139,-0.066192103,-0.043139445,-0.257163464,-0.355903453,0.015629502,-0.421036937,0.099232449,0.133859418,-0.448757271,0.409684044,-0.48996597,0.099640171,-0.026583264,-0.049438503,-0.326179825,-0.451020105,-0.117951759,0.44256305,-2.29E-01,0.204079232,-0.735813449,0.306344676,-0.487926161,-0.0690473,-0.040695251,-0.105160604,-0.345751418,-0.042506045,-0.469628075,-0.310126811,-0.123618286,-0.106656997,0.861515659,0.227198833,0.725419864,0.0356963,0.028640197,0.121309823,-0.348749405,-0.019796373,1
-0.267053654,-0.381066852,-0.29430017,-0.205664154,-0.267053654,0.03543752,0.998431136,0.344997392,-0.485913936,0.090995105,1.262449019,-0.039627776,1.339918807,-0.007691223,0.521534436,-0.120039145,0.216835499,0.017676636,-0.33926938,-0.163619743,-0.172173533,-0.328976976,0.342957088,-0.4540576,0.482025952,0.166994789,-0.46250531,0.400293773,-0.536110866,0.448890059,-0.084151712,-0.295223114,-0.603463523,-0.215222971,-0.123342409,0.508124853,-3.54E-02,0.230397146,-0.802493977,-0.439242679,-0.231674207,-0.541934506,-0.081806825,-0.101043706,-0.057958274,-0.159592649,-0.307271728,-0.329788643,-0.123618337,-0.431240296,0.796090048,0.035460063,0.776249654,0.03530096,0.089306893,0.020976934,0.110661382,-0.076072234,0
-0.147914508,-0.001159012,0.009931127,-0.051455778,-0.147914508,0.074098683,0.19259727,0.638577386,-0.476074725,0.05609832,3.615979978,0.118341885,1.339918807,-0.120603037,0.539852002,-0.049819279,-0.049772444,-0.09057581,-0.371275585,-0.147723253,-0.053593886,-0.385626655,0.393889688,-0.448651469,0.12614359,0.138693147,-0.459373702,0.404311218,-0.549230852,0.367002825,-0.065645492,0.301319419,-0.332333282,-0.16028217,-0.123251398,0.488741013,-7.41E-02,-0.026034005,-0.82716787,-0.279192391,-0.634976085,-0.376109062,0.015856773,-0.10632097,-0.013604339,-0.156452944,-0.320898413,-0.683111138,-0.123618322,0.06119508,0.755215109,0.073708148,0.915681016,0.00338675,0.02571909,0.259620733,0.050684582,-0.062791909,0
-0.267053654,0.012911655,-0.180213434,-0.205664154,-0.267053654,0.03543752,-0.59645504,0.344997392,-0.476776913,-0.276831571,1.1842063,-0.366326561,0.789745019,-0.008019539,0.549833368,-0.455060513,0.146678356,-0.179221566,0.018501733,-0.014613876,-0.185306319,-0.327062776,-0.713471145,-0.4540576,0.138591803,-4.50E+00,-0.563272371,0.396299764,-0.533325426,0.223838504,0.004523644,0.051667705,-0.167076117,-0.268367326,-0.11975772,0.508118628,-3.54E-02,0.162690206,-0.802706902,0.07959511,-0.325801155,-4.832797834,-0.323331236,-0.107812702,-0.52142878,-0.167559022,-0.430403363,-3.023419877,-0.123618339,0.099462677,0.796090048,0.034612724,0.780673186,0.002170517,-7.001143948,0.028846309,-0.276913072,-0.075404043,0
-0.267053654,-0.212218933,-0.066126697,-0.205664154,-0.267053654,0.03543752,0.486707044,0.344997392,-0.481984268,-0.265684771,1.265059855,-0.30526673,-0.094214713,-0.007205225,0.574943468,-0.101588964,0.575148427,-0.199739087,-0.327858087,-0.161422746,-0.18517792,-0.321906647,-0.383627837,-0.4540576,-0.013039759,0.120731907,-0.514320635,0.400520251,-0.530372083,0.029617085,-0.481676537,-0.288602258,-0.213198274,-0.374700249,-0.10273143,0.508126368,-3.54E-02,0.123794694,-0.811910353,0.091886314,-0.894434636,0.300944673,-0.101200795,-0.09600882,0.024931272,-0.159178491,-0.445979433,-0.29362051,-0.123618337,-0.044453298,0.796090048,0.035584969,0.758428817,0.00160663,0.025367564,-0.298602956,-0.254822447,-0.076101601,0
-0.267053654,-0.212218933,-0.180213434,-0.205664154,-0.267053654,0.03543752,0.486707044,0.344997392,-0.480448304,-0.265684771,1.265059855,-0.30526673,0.924487741,-0.007205225,0.547899993,-0.359794744,0.575148427,-0.199739087,0.009555988,-0.015053728,-0.172313216,-0.319701254,-0.383627837,-0.4540576,-0.013039759,-5.14E+00,-0.514320635,0.400520251,-0.533325426,0.029617085,-0.481676537,0.051667705,-0.167076117,-0.374700249,-0.10273143,0.508126368,-3.54E-02,0.162690206,-0.802706902,0.091886314,-0.601531982,-3.949342173,-0.447389612,-0.09600882,0.024931272,-0.159178491,-0.440165303,-2.179270366,-0.123618337,-0.044453298,0.796090048,0.035584969,0.758428817,0.00160663,-7.976686813,-0.298602956,-0.254822447,-0.076101601,0
0.316577351,0.420960829,0.466278071,0.209946226,0.316577351,-0.273851779,0.225281771,0.816536039,-0.450954685,0.14720503,0.704817421,0.423294107,-0.431037876,-0.315074495,0.527330998,-0.005114373,-0.206283298,0.000334499,-0.862115775,-0.36468305,0.166572335,-0.367044614,0.152368065,-0.454655995,0.139753477,0.191716167,-0.516387414,0.371563818,-0.553854598,0.002635971,0.57761689,-0.799557651,0.406372645,0.377523422,-0.115047101,0.507214326,2.74E-01,-0.145607414,-0.760309374,0.122750833,-0.453004655,-0.237442285,0.288005043,-0.101183044,0.020276349,-0.387058569,-0.367256832,0.079392732,-0.123618339,0.076466002,0.637860329,-0.274453319,0.898406433,0.000771174,0.101096065,0.106884738,0.14314205,-0.163001959,0
